/*
 Navicat Premium Data Transfer

 Source Server         : localhost
 Source Server Type    : MySQL
 Source Server Version : 50731
 Source Host           : localhost:3306
 Source Schema         : mybatis

 Target Server Type    : MySQL
 Target Server Version : 50731
 File Encoding         : 65001

 Date: 16/12/2020 14:06:54
*/

SET NAMES utf8mb4;
SET FOREIGN_KEY_CHECKS = 0;

-- ----------------------------
-- Table structure for account
-- ----------------------------
DROP TABLE IF EXISTS `account`;
CREATE TABLE `account`  (
  `id` int(11) NOT NULL AUTO_INCREMENT COMMENT '主键',
  `username` varchar(50) CHARACTER SET utf8mb4 COLLATE utf8mb4_general_ci NULL DEFAULT NULL COMMENT '用户',
  `balance` decimal(26, 3) NULL DEFAULT NULL COMMENT '余额',
  PRIMARY KEY (`id`) USING BTREE
) ENGINE = InnoDB AUTO_INCREMENT = 3 CHARACTER SET = utf8 COLLATE = utf8_general_ci ROW_FORMAT = Dynamic;

-- ----------------------------
-- Records of account
-- ----------------------------
INSERT INTO `account` VALUES (1, 'A', 80.000);
INSERT INTO `account` VALUES (2, 'B', 50.000);

-- ----------------------------
-- Table structure for city
-- ----------------------------
DROP TABLE IF EXISTS `city`;
CREATE TABLE `city`  (
  `id` int(11) NOT NULL AUTO_INCREMENT,
  `name` varchar(20) CHARACTER SET utf8mb4 COLLATE utf8mb4_general_ci NULL DEFAULT NULL,
  `state` varchar(20) CHARACTER SET utf8mb4 COLLATE utf8mb4_general_ci NULL DEFAULT NULL,
  `country` varchar(20) CHARACTER SET utf8mb4 COLLATE utf8mb4_general_ci NULL DEFAULT NULL,
  PRIMARY KEY (`id`) USING BTREE
) ENGINE = InnoDB AUTO_INCREMENT = 5 CHARACTER SET = latin1 COLLATE = latin1_swedish_ci ROW_FORMAT = Dynamic;

-- ----------------------------
-- Records of city
-- ----------------------------
INSERT INTO `city` VALUES (1, 'San Francisco', 'CA', 'US');
INSERT INTO `city` VALUES (2, 'zz', 'hn', 'cn');
INSERT INTO `city` VALUES (3, '郑州', 'hn1', '中国');
INSERT INTO `city` VALUES (4, 'qq', 'xx', 'as');

-- ----------------------------
-- Table structure for items
-- ----------------------------
DROP TABLE IF EXISTS `items`;
CREATE TABLE `items`  (
  `id` int(11) NOT NULL AUTO_INCREMENT,
  `name` varchar(32) CHARACTER SET utf8 COLLATE utf8_general_ci NOT NULL COMMENT '商品名称',
  `price` float(10, 1) NOT NULL COMMENT '商品定价',
  `detail` text CHARACTER SET utf8 COLLATE utf8_general_ci NULL COMMENT '商品描述',
  `pic` varchar(64) CHARACTER SET utf8 COLLATE utf8_general_ci NULL DEFAULT NULL COMMENT '商品图片',
  `createtime` datetime(0) NOT NULL COMMENT '生产日期',
  PRIMARY KEY (`id`) USING BTREE
) ENGINE = InnoDB AUTO_INCREMENT = 4 CHARACTER SET = utf8 COLLATE = utf8_general_ci ROW_FORMAT = Dynamic;

-- ----------------------------
-- Records of items
-- ----------------------------
INSERT INTO `items` VALUES (1, '台式机', 3000.0, '该电脑质量非常好！！！！', NULL, '2015-02-03 13:22:53');
INSERT INTO `items` VALUES (2, '笔记本', 6000.0, '笔记本性能好，质量好！！！！！', NULL, '2015-02-09 13:22:57');
INSERT INTO `items` VALUES (3, '背包', 200.0, '名牌背包，容量大质量好！！！！', NULL, '2015-02-06 13:23:02');

-- ----------------------------
-- Table structure for orderdetail
-- ----------------------------
DROP TABLE IF EXISTS `orderdetail`;
CREATE TABLE `orderdetail`  (
  `id` int(11) NOT NULL AUTO_INCREMENT,
  `orders_id` int(11) NOT NULL COMMENT '订单id',
  `items_id` int(11) NOT NULL COMMENT '商品id',
  `items_num` int(11) NULL DEFAULT NULL COMMENT '商品购买数量',
  PRIMARY KEY (`id`) USING BTREE,
  INDEX `FK_orderdetail_1`(`orders_id`) USING BTREE,
  INDEX `FK_orderdetail_2`(`items_id`) USING BTREE,
  CONSTRAINT `FK_orderdetail_1` FOREIGN KEY (`orders_id`) REFERENCES `orders` (`id`) ON DELETE RESTRICT ON UPDATE RESTRICT,
  CONSTRAINT `FK_orderdetail_2` FOREIGN KEY (`items_id`) REFERENCES `items` (`id`) ON DELETE RESTRICT ON UPDATE RESTRICT
) ENGINE = InnoDB AUTO_INCREMENT = 5 CHARACTER SET = utf8 COLLATE = utf8_general_ci ROW_FORMAT = Dynamic;

-- ----------------------------
-- Records of orderdetail
-- ----------------------------
INSERT INTO `orderdetail` VALUES (1, 3, 1, 1);
INSERT INTO `orderdetail` VALUES (2, 3, 2, 3);
INSERT INTO `orderdetail` VALUES (3, 4, 3, 4);
INSERT INTO `orderdetail` VALUES (4, 4, 2, 3);

-- ----------------------------
-- Table structure for orders
-- ----------------------------
DROP TABLE IF EXISTS `orders`;
CREATE TABLE `orders`  (
  `id` int(11) NOT NULL AUTO_INCREMENT,
  `user_id` int(11) NOT NULL COMMENT '下单用户id',
  `number` varchar(32) CHARACTER SET utf8 COLLATE utf8_general_ci NOT NULL COMMENT '订单号',
  `createtime` datetime(0) NOT NULL COMMENT '创建订单时间',
  `note` varchar(100) CHARACTER SET utf8 COLLATE utf8_general_ci NULL DEFAULT NULL COMMENT '备注',
  PRIMARY KEY (`id`) USING BTREE,
  INDEX `FK_orders_1`(`user_id`) USING BTREE,
  CONSTRAINT `FK_orders_id` FOREIGN KEY (`user_id`) REFERENCES `user` (`id`) ON DELETE RESTRICT ON UPDATE RESTRICT
) ENGINE = InnoDB AUTO_INCREMENT = 6 CHARACTER SET = utf8 COLLATE = utf8_general_ci ROW_FORMAT = Dynamic;

-- ----------------------------
-- Records of orders
-- ----------------------------
INSERT INTO `orders` VALUES (3, 1, '1000010', '2015-02-04 13:22:35', NULL);
INSERT INTO `orders` VALUES (4, 1, '1000011', '2015-02-03 13:22:41', NULL);
INSERT INTO `orders` VALUES (5, 10, '1000012', '2015-02-12 16:13:23', NULL);

-- ----------------------------
-- Table structure for user
-- ----------------------------
DROP TABLE IF EXISTS `user`;
CREATE TABLE `user`  (
  `id` int(11) NOT NULL AUTO_INCREMENT,
  `username` varchar(32) CHARACTER SET utf8 COLLATE utf8_general_ci NOT NULL COMMENT '用户名称',
  `birthday` date NULL DEFAULT NULL COMMENT '生日',
  `sex` char(1) CHARACTER SET utf8 COLLATE utf8_general_ci NULL DEFAULT NULL COMMENT '性别',
  `address` varchar(256) CHARACTER SET utf8 COLLATE utf8_general_ci NULL DEFAULT NULL COMMENT '地址',
  PRIMARY KEY (`id`) USING BTREE
) ENGINE = InnoDB AUTO_INCREMENT = 36 CHARACTER SET = utf8 COLLATE = utf8_general_ci ROW_FORMAT = Dynamic;

-- ----------------------------
-- Records of user
-- ----------------------------
INSERT INTO `user` VALUES (1, '王五', NULL, '2', NULL);
INSERT INTO `user` VALUES (10, '张三', '2014-07-10', '1', '北京市');
INSERT INTO `user` VALUES (16, '张小明', NULL, '1', '天津河北');
INSERT INTO `user` VALUES (22, '陈小明', NULL, '1', '天津河东');
INSERT INTO `user` VALUES (24, '张三丰', NULL, '1', '天津河西');
INSERT INTO `user` VALUES (25, '陈小明', NULL, '1', '重庆');
INSERT INTO `user` VALUES (34, 'testusername', '2020-01-09', '1', '就不告诉你');
INSERT INTO `user` VALUES (35, 'wq', '2020-11-22', NULL, NULL);

SET FOREIGN_KEY_CHECKS = 1;
